year,film,group,word,count
1989,born-on-the-fourth-of-july,female,ronnie,19
1989,born-on-the-fourth-of-july,female,tommy,5
1989,born-on-the-fourth-of-july,male,hey,22
1989,born-on-the-fourth-of-july,male,dad,20
1989,born-on-the-fourth-of-july,male,ronnie,17
1989,born-on-the-fourth-of-july,male,'em,17
1989,born-on-the-fourth-of-july,male,wan,16
1989,born-on-the-fourth-of-july,male,people,16
1989,born-on-the-fourth-of-july,male,tommy,14
1989,born-on-the-fourth-of-july,male,country,13
1989,born-on-the-fourth-of-july,male,man,13
1989,born-on-the-fourth-of-july,male,back,12
1989,born-on-the-fourth-of-july,male,ta,12
1989,born-on-the-fourth-of-july,male,mom,12
1989,born-on-the-fourth-of-july,male,war,12
1989,born-on-the-fourth-of-july,male,kovic,11
1989,born-on-the-fourth-of-july,male,good,11
1989,born-on-the-fourth-of-july,male,ron,10
1989,born-on-the-fourth-of-july,male,cry,9
1989,born-on-the-fourth-of-july,male,leave,9
1989,born-on-the-fourth-of-july,male,home,9
1989,born-on-the-fourth-of-july,male,great,9
1989,born-on-the-fourth-of-july,male,world,8
1989,born-on-the-fourth-of-july,male,marine,8
1989,born-on-the-fourth-of-july,male,wrong,7
1989,born-on-the-fourth-of-july,male,love,7
1989,born-on-the-fourth-of-july,male,put,7
1989,born-on-the-fourth-of-july,male,shit,7
1989,born-on-the-fourth-of-july,male,vietnam,7
1989,born-on-the-fourth-of-july,male,thing,6
1989,born-on-the-fourth-of-july,male,sergeant,6
1989,born-on-the-fourth-of-july,male,part,6
1989,born-on-the-fourth-of-july,male,goddamn,6
1989,born-on-the-fourth-of-july,male,doc,6
1989,born-on-the-fourth-of-july,male,doctor,6
1989,born-on-the-fourth-of-july,male,fire,5
1989,born-on-the-fourth-of-july,male,fucking,5
1989,born-on-the-fourth-of-july,male,wow,5
1989,born-on-the-fourth-of-july,male,college,5
1989,born-on-the-fourth-of-july,male,donna,5
1989,born-on-the-fourth-of-july,male,win,5
1989,born-on-the-fourth-of-july,male,massapequa,5
1989,born-on-the-fourth-of-july,male,marines,5
1989,born-on-the-fourth-of-july,male,rights,5
1989,born-on-the-fourth-of-july,male,make,5
1989,born-on-the-fourth-of-july,male,long,5
1989,born-on-the-fourth-of-july,male,life,5
1989,born-on-the-fourth-of-july,male,men,5
1989,born-on-the-fourth-of-july,male,place,5
1989,born-on-the-fourth-of-july,male,pump,5
1989,born-on-the-fourth-of-july,male,leg,5
1989,born-on-the-fourth-of-july,male,time,5
1989,born-on-the-fourth-of-july,male,understand,5
1989,born-on-the-fourth-of-july,male,stevie,5
1989,born-on-the-fourth-of-july,male,awright,5
1989,born-on-the-fourth-of-july,male,boy,5
1989,born-on-the-fourth-of-july,male,care,5
1989,dead-poets-society,female,knox,12
1989,dead-poets-society,female,chet,12
1989,dead-poets-society,male,mr,54
1989,dead-poets-society,male,neil,46
1989,dead-poets-society,male,todd,23
1989,dead-poets-society,male,charlie,22
1989,dead-poets-society,male,sir,20
1989,dead-poets-society,male,uh,19
1989,dead-poets-society,male,chris,16
1989,dead-poets-society,male,god,15
1989,dead-poets-society,male,keating,15
1989,dead-poets-society,male,hey,15
1989,dead-poets-society,male,meeks,15
1989,dead-poets-society,male,guys,14
1989,dead-poets-society,male,anderson,14
1989,dead-poets-society,male,father,13
1989,dead-poets-society,male,gentlemen,13
1989,dead-poets-society,male,captain,12
1989,dead-poets-society,male,good,12
1989,dead-poets-society,male,sit,12
1989,dead-poets-society,male,cameron,10
1989,dead-poets-society,male,give,10
1989,dead-poets-society,male,dead,10
1989,dead-poets-society,male,great,10
1989,dead-poets-society,male,dalton,10
1989,dead-poets-society,male,excuse,10
1989,dead-poets-society,male,knox,10
1989,dead-poets-society,male,forget,9
1989,dead-poets-society,male,yawp,9
1989,dead-poets-society,male,boys,9
1989,dead-poets-society,male,rip,8
1989,dead-poets-society,male,overstreet,8
1989,dead-poets-society,male,poets,8
1989,dead-poets-society,male,pitts,8
1989,dead-poets-society,male,hear,7
1989,dead-poets-society,male,back,7
1989,dead-poets-society,male,told,7
1989,dead-poets-society,male,made,7
1989,dead-poets-society,male,part,7
1989,dead-poets-society,male,welton,6
1989,dead-poets-society,male,love,6
1989,dead-poets-society,male,make,6
1989,dead-poets-society,male,tonight,6
1989,dead-poets-society,male,time,6
1989,dead-poets-society,male,thought,6
1989,dead-poets-society,male,listen,6
1989,dead-poets-society,male,study,6
1989,dead-poets-society,male,put,6
1989,dead-poets-society,male,nolan,6
1989,dead-poets-society,male,nuwanda,6
1989,dead-poets-society,male,page,6
1989,dead-poets-society,male,poetry,6
1989,dead-poets-society,male,danburry,6
1989,dead-poets-society,male,write,5
1989,dead-poets-society,male,bad,5
1989,dead-poets-society,male,carpe,5
1989,dead-poets-society,male,club,5
1989,dead-poets-society,male,read,5
1989,dead-poets-society,male,poem,5
1989,dead-poets-society,male,minute,5
1989,dead-poets-society,male,open,5
1989,dead-poets-society,male,stop,5
1989,dead-poets-society,male,ta,5
1989,dead-poets-society,male,talk,5
1989,dead-poets-society,male,group,5
1989,dead-poets-society,male,madman,5
1989,dead-poets-society,male,left,5
1989,dead-poets-society,male,funny,5
1989,dead-poets-society,male,man,5
1989,driving-miss-daisy,female,boolie,20
1989,driving-miss-daisy,female,car,18
1989,driving-miss-daisy,female,hoke,17
1989,driving-miss-daisy,female,back,14
1989,driving-miss-daisy,female,put,13
1989,driving-miss-daisy,female,god,11
1989,driving-miss-daisy,female,christmas,9
1989,driving-miss-daisy,female,good,9
1989,driving-miss-daisy,female,business,8
1989,driving-miss-daisy,female,bauer,8
1989,driving-miss-daisy,female,give,8
1989,driving-miss-daisy,female,thing,8
1989,driving-miss-daisy,female,idella,7
1989,driving-miss-daisy,female,temple,7
1989,driving-miss-daisy,female,things,7
1989,driving-miss-daisy,female,time,7
1989,driving-miss-daisy,female,told,7
1989,driving-miss-daisy,female,call,7
1989,driving-miss-daisy,female,make,7
1989,driving-miss-daisy,female,run,6
1989,driving-miss-daisy,female,son,6
1989,driving-miss-daisy,female,florine,6
1989,driving-miss-daisy,female,er,6
1989,driving-miss-daisy,female,wrong,6
1989,driving-miss-daisy,female,wait,6
1989,driving-miss-daisy,female,wanted,5
1989,driving-miss-daisy,female,talking,5
1989,driving-miss-daisy,female,taught,5
1989,driving-miss-daisy,female,stop,5
1989,driving-miss-daisy,female,hate,5
1989,driving-miss-daisy,female,company,5
1989,driving-miss-daisy,female,fool,5
1989,driving-miss-daisy,female,read,5
1989,driving-miss-daisy,female,made,5
1989,driving-miss-daisy,female,minute,5
1989,driving-miss-daisy,male,miz,48
1989,driving-miss-daisy,male,daisy,42
1989,driving-miss-daisy,male,mama,41
1989,driving-miss-daisy,male,yassum,37
1989,driving-miss-daisy,male,yo,22
1989,driving-miss-daisy,male,dat,20
1989,driving-miss-daisy,male,back,20
1989,driving-miss-daisy,male,'bout,20
1989,driving-miss-daisy,male,werthan,19
1989,driving-miss-daisy,male,car,18
1989,driving-miss-daisy,male,mist,18
1989,driving-miss-daisy,male,good,17
1989,driving-miss-daisy,male,time,15
1989,driving-miss-daisy,male,jes,15
1989,driving-miss-daisy,male,nome,15
1989,driving-miss-daisy,male,hoke,15
1989,driving-miss-daisy,male,de,14
1989,driving-miss-daisy,male,day,12
1989,driving-miss-daisy,male,florine,11
1989,driving-miss-daisy,male,dean,11
1989,driving-miss-daisy,male,idella,10
1989,driving-miss-daisy,male,dis,10
1989,driving-miss-daisy,male,yonder,10
1989,driving-miss-daisy,male,woman,9
1989,driving-miss-daisy,male,doin,9
1989,driving-miss-daisy,male,drive,9
1989,driving-miss-daisy,male,talkin,9
1989,driving-miss-daisy,male,nothin,9
1989,driving-miss-daisy,male,call,9
1989,driving-miss-daisy,male,cain,9
1989,driving-miss-daisy,male,fine,9
1989,driving-miss-daisy,male,wid,8
1989,driving-miss-daisy,male,years,8
1989,driving-miss-daisy,male,doan,8
1989,driving-miss-daisy,male,happen,7
1989,driving-miss-daisy,male,ai,7
1989,driving-miss-daisy,male,thass,7
1989,driving-miss-daisy,male,thing,7
1989,driving-miss-daisy,male,business,7
1989,driving-miss-daisy,male,make,7
1989,driving-miss-daisy,male,run,7
1989,driving-miss-daisy,male,nice,7
1989,driving-miss-daisy,male,somethin,7
1989,driving-miss-daisy,male,feel,7
1989,driving-miss-daisy,male,lawd,7
1989,driving-miss-daisy,male,morning,6
1989,driving-miss-daisy,male,iain,6
1989,driving-miss-daisy,male,talk,6
1989,driving-miss-daisy,male,things,6
1989,driving-miss-daisy,male,matter,6
1989,driving-miss-daisy,male,stone,6
1989,driving-miss-daisy,male,sto,6
1989,driving-miss-daisy,male,miss,6
1989,driving-miss-daisy,male,mighty,6
1989,driving-miss-daisy,male,company,6
1989,driving-miss-daisy,male,give,6
1989,driving-miss-daisy,male,week,6
1989,driving-miss-daisy,male,work,6
1989,driving-miss-daisy,male,wrong,6
1989,driving-miss-daisy,male,home,6
1989,driving-miss-daisy,male,atlanta,6
1989,driving-miss-daisy,male,fixin,5
1989,driving-miss-daisy,male,fo,5
1989,driving-miss-daisy,male,job,5
1989,driving-miss-daisy,male,luther,5
1989,driving-miss-daisy,male,man,5
1989,driving-miss-daisy,male,martin,5
1989,driving-miss-daisy,male,leave,5
1989,driving-miss-daisy,male,lookin,5
1989,driving-miss-daisy,male,york,5
1989,driving-miss-daisy,male,salmon,5
1989,driving-miss-daisy,male,read,5
1989,driving-miss-daisy,male,sho,5
1989,driving-miss-daisy,male,people,5
1989,driving-miss-daisy,male,put,5
1989,driving-miss-daisy,male,place,5
1989,field-of-dreams,female,ray,19
1989,field-of-dreams,female,daddy,7
1989,field-of-dreams,female,baseball,7
1989,field-of-dreams,female,voice,6
1989,field-of-dreams,female,field,6
1989,field-of-dreams,female,farm,6
1989,field-of-dreams,female,game,5
1989,field-of-dreams,female,sell,5
1989,field-of-dreams,female,people,5
1989,field-of-dreams,male,ray,36
1989,field-of-dreams,male,field,26
1989,field-of-dreams,male,game,21
1989,field-of-dreams,male,find,19
1989,field-of-dreams,male,good,18
1989,field-of-dreams,male,joe,17
1989,field-of-dreams,male,annie,17
1989,field-of-dreams,male,baseball,16
1989,field-of-dreams,male,years,16
1989,field-of-dreams,male,back,16
1989,field-of-dreams,male,mann,14
1989,field-of-dreams,male,god,14
1989,field-of-dreams,male,people,13
1989,field-of-dreams,male,play,13
1989,field-of-dreams,male,time,12
1989,field-of-dreams,male,hit,12
1989,field-of-dreams,male,home,12
1989,field-of-dreams,male,man,12
1989,field-of-dreams,male,kinsella,12
1989,field-of-dreams,male,karin,12
1989,field-of-dreams,male,supposed,11
1989,field-of-dreams,male,shoeless,11
1989,field-of-dreams,male,jackson,11
1989,field-of-dreams,male,crazy,10
1989,field-of-dreams,male,place,10
1989,field-of-dreams,male,night,10
1989,field-of-dreams,male,ball,10
1989,field-of-dreams,male,money,9
1989,field-of-dreams,male,father,9
1989,field-of-dreams,male,graham,9
1989,field-of-dreams,male,hey,9
1989,field-of-dreams,male,iowa,9
1989,field-of-dreams,male,build,8
1989,field-of-dreams,male,terence,8
1989,field-of-dreams,male,pain,8
1989,field-of-dreams,male,watch,8
1989,field-of-dreams,male,terry,8
1989,field-of-dreams,male,dream,8
1989,field-of-dreams,male,thing,7
1989,field-of-dreams,male,called,7
1989,field-of-dreams,male,things,7
1989,field-of-dreams,male,big,7
1989,field-of-dreams,male,make,7
1989,field-of-dreams,male,love,7
1989,field-of-dreams,male,lose,7
1989,field-of-dreams,male,kid,7
1989,field-of-dreams,male,minute,7
1989,field-of-dreams,male,played,7
1989,field-of-dreams,male,reason,7
1989,field-of-dreams,male,put,7
1989,field-of-dreams,male,died,6
1989,field-of-dreams,male,wait,6
1989,field-of-dreams,male,team,6
1989,field-of-dreams,male,heard,6
1989,field-of-dreams,male,hell,6
1989,field-of-dreams,male,long,6
1989,field-of-dreams,male,means,6
1989,field-of-dreams,male,life,6
1989,field-of-dreams,male,feel,6
1989,field-of-dreams,male,story,5
1989,field-of-dreams,male,starts,5
1989,field-of-dreams,male,coming,5
1989,field-of-dreams,male,call,5
1989,field-of-dreams,male,sit,5
1989,field-of-dreams,male,dad,5
1989,field-of-dreams,male,series,5
1989,field-of-dreams,male,tonight,5
1989,field-of-dreams,male,ago,5
1989,field-of-dreams,male,1t,5
1989,field-of-dreams,male,uh,5
1989,field-of-dreams,male,wanted,5
1989,field-of-dreams,male,john,5
1989,field-of-dreams,male,left,5
1989,field-of-dreams,male,live,5
1989,field-of-dreams,male,hear,5
1989,field-of-dreams,male,guy,5
1989,field-of-dreams,male,great,5
1989,field-of-dreams,male,inning,5
1989,field-of-dreams,male,huh,5
1989,field-of-dreams,male,ebbets,5
1989,my-left-foot,female,christy,65
1989,my-left-foot,female,ya,14
1989,my-left-foot,female,good,13
1989,my-left-foot,female,stop,12
1989,my-left-foot,female,father,11
1989,my-left-foot,female,paddy,8
1989,my-left-foot,female,jesus,7
1989,my-left-foot,female,mary,7
1989,my-left-foot,female,wrong,6
1989,my-left-foot,female,night,6
1989,my-left-foot,female,money,6
1989,my-left-foot,female,joseph,6
1989,my-left-foot,female,ah,6
1989,my-left-foot,female,easy,5
1989,my-left-foot,female,heart,5
1989,my-left-foot,female,sheila,5
1989,my-left-foot,female,god,5
1989,my-left-foot,male,christy,36
1989,my-left-foot,male,ya,18
1989,my-left-foot,male,brown,13
1989,my-left-foot,male,love,10
1989,my-left-foot,male,great,9
1989,my-left-foot,male,eileen,9
1989,my-left-foot,male,mam,8
1989,my-left-foot,male,fuckin,8
1989,my-left-foot,male,time,7
1989,my-left-foot,male,give,7
1989,my-left-foot,male,good,6
1989,my-left-foot,male,painter,6
1989,my-left-foot,male,mary,6
1989,my-left-foot,male,mother,5
1989,my-left-foot,male,oul,5
1989,my-left-foot,male,question,5
1989,my-left-foot,male,ah,5
1989,my-left-foot,male,jesus,5
1989,my-left-foot,male,mad,5
1989,my-left-foot,male,easy,5
1989,my-left-foot,male,bring,5
1989,my-left-foot,male,coal,5
2015,bridge-of-spies,female,jim,6
2015,bridge-of-spies,female,home,5
2015,bridge-of-spies,female,people,5
2015,bridge-of-spies,male,abel,45
2015,bridge-of-spies,male,good,37
2015,bridge-of-spies,male,guy,35
2015,bridge-of-spies,male,mr,34
2015,bridge-of-spies,male,powers,33
2015,bridge-of-spies,male,pryor,31
2015,bridge-of-spies,male,sir,28
2015,bridge-of-spies,male,man,25
2015,bridge-of-spies,male,east,23
2015,bridge-of-spies,male,exchange,23
2015,bridge-of-spies,male,time,23
2015,bridge-of-spies,male,vogel,21
2015,bridge-of-spies,male,back,19
2015,bridge-of-spies,male,things,18
2015,bridge-of-spies,male,soviet,18
2015,bridge-of-spies,male,donovan,17
2015,bridge-of-spies,male,government,16
2015,bridge-of-spies,male,american,16
2015,bridge-of-spies,male,german,16
2015,bridge-of-spies,male,jim,15
2015,bridge-of-spies,male,russian,15
2015,bridge-of-spies,male,home,14
2015,bridge-of-spies,male,spy,14
2015,bridge-of-spies,male,people,13
2015,bridge-of-spies,male,work,13
2015,bridge-of-spies,male,give,13
2015,bridge-of-spies,male,thing,13
2015,bridge-of-spies,male,russians,12
2015,bridge-of-spies,male,make,12
2015,bridge-of-spies,male,deal,11
2015,bridge-of-spies,male,rudolf,11
2015,bridge-of-spies,male,soviets,11
2015,bridge-of-spies,male,client,11
2015,bridge-of-spies,male,country,10
2015,bridge-of-spies,male,berlin,10
2015,bridge-of-spies,male,kid,10
2015,bridge-of-spies,male,case,10
2015,bridge-of-spies,male,fine,10
2015,bridge-of-spies,male,understand,9
2015,bridge-of-spies,male,talk,9
2015,bridge-of-spies,male,student,9
2015,bridge-of-spies,male,place,9
2015,bridge-of-spies,male,court,9
2015,bridge-of-spies,male,frederic,9
2015,bridge-of-spies,male,morning,9
2015,bridge-of-spies,male,states,8
2015,bridge-of-spies,male,trade,8
2015,bridge-of-spies,male,great,8
2015,bridge-of-spies,male,united,8
2015,bridge-of-spies,male,war,8
2015,bridge-of-spies,male,embassy,8
2015,bridge-of-spies,male,plane,7
2015,bridge-of-spies,male,set,7
2015,bridge-of-spies,male,pretty,7
2015,bridge-of-spies,male,call,7
2015,bridge-of-spies,male,republic,7
2015,bridge-of-spies,male,made,7
2015,bridge-of-spies,male,guys,7
2015,bridge-of-spies,male,wrong,7
2015,bridge-of-spies,male,important,7
2015,bridge-of-spies,male,happen,7
2015,bridge-of-spies,male,law,7
2015,bridge-of-spies,male,happened,7
2015,bridge-of-spies,male,wife,7
2015,bridge-of-spies,male,left,6
2015,bridge-of-spies,male,message,6
2015,bridge-of-spies,male,idea,6
2015,bridge-of-spies,male,information,6
2015,bridge-of-spies,male,honor,6
2015,bridge-of-spies,male,insured,6
2015,bridge-of-spies,male,counselor,6
2015,bridge-of-spies,male,job,6
2015,bridge-of-spies,male,democratic,6
2015,bridge-of-spies,male,moscow,6
2015,bridge-of-spies,male,matters,6
2015,bridge-of-spies,male,meet,6
2015,bridge-of-spies,male,cold,6
2015,bridge-of-spies,male,father,6
2015,bridge-of-spies,male,men,6
2015,bridge-of-spies,male,citizen,6
2015,bridge-of-spies,male,germany,6
2015,bridge-of-spies,male,uh,6
2015,bridge-of-spies,male,wall,6
2015,bridge-of-spies,male,tomorrow,6
2015,bridge-of-spies,male,true,6
2015,bridge-of-spies,male,americans,6
2015,bridge-of-spies,male,show,6
2015,bridge-of-spies,male,bridge,6
2015,bridge-of-spies,male,release,6
2015,bridge-of-spies,male,answer,6
2015,bridge-of-spies,male,impatient,5
2015,bridge-of-spies,male,makes,5
2015,bridge-of-spies,male,insurance,5
2015,bridge-of-spies,male,plan,5
2015,bridge-of-spies,male,start,5
2015,bridge-of-spies,male,supposed,5
2015,bridge-of-spies,male,person,5
2015,bridge-of-spies,male,sit,5
2015,bridge-of-spies,male,side,5
2015,bridge-of-spies,male,put,5
2015,bridge-of-spies,male,roger,5
2015,bridge-of-spies,male,room,5
2015,bridge-of-spies,male,schischkin,5
2015,bridge-of-spies,male,shot,5
2015,bridge-of-spies,male,talking,5
2015,bridge-of-spies,male,mind,5
2015,bridge-of-spies,male,young,5
2015,bridge-of-spies,male,matter,5
2015,bridge-of-spies,male,worry,5
2015,bridge-of-spies,male,offer,5
2015,bridge-of-spies,male,verdict,5
2015,bridge-of-spies,male,wait,5
2015,bridge-of-spies,male,waiting,5
2015,bridge-of-spies,male,attorney,5
2015,bridge-of-spies,male,battle,5
2015,bridge-of-spies,male,boss,5
2015,bridge-of-spies,male,busy,5
2015,bridge-of-spies,male,foreign,5
2015,bridge-of-spies,male,friend,5
2015,bridge-of-spies,male,friends,5
2015,bridge-of-spies,male,full,5
2015,bridge-of-spies,male,feet,5
2015,bridge-of-spies,male,excuse,5
2015,bridge-of-spies,male,gdr,5
2015,bridge-of-spies,male,hey,5
2015,bridge-of-spies,male,house,5
2015,bridge-of-spies,male,general,5
2015,bridge-of-spies,male,germans,5
2015,bridge-of-spies,male,clear,5
2015,bridge-of-spies,male,defense,5
2015,bridge-of-spies,male,claim,5
2015,brooklyn,female,eilis,28
2015,brooklyn,female,back,25
2015,brooklyn,female,mrs,19
2015,brooklyn,female,miss,17
2015,brooklyn,female,mother,16
2015,brooklyn,female,talk,16
2015,brooklyn,female,told,16
2015,brooklyn,female,beat,15
2015,brooklyn,female,time,14
2015,brooklyn,female,married,14
2015,brooklyn,female,good,13
2015,brooklyn,female,rose,12
2015,brooklyn,female,people,12
2015,brooklyn,female,home,12
2015,brooklyn,female,kehoe,12
2015,brooklyn,female,jim,12
2015,brooklyn,female,tony,12
2015,brooklyn,female,america,11
2015,brooklyn,female,night,11
2015,brooklyn,female,nice,11
2015,brooklyn,female,girl,11
2015,brooklyn,female,life,10
2015,brooklyn,female,remember,10
2015,brooklyn,female,day,9
2015,brooklyn,female,man,9
2015,brooklyn,female,work,9
2015,brooklyn,female,girls,9
2015,brooklyn,female,brooklyn,9
2015,brooklyn,female,kelly,8
2015,brooklyn,female,father,8
2015,brooklyn,female,house,8
2015,brooklyn,female,nancy,8
2015,brooklyn,female,put,8
2015,brooklyn,female,york,8
2015,brooklyn,female,love,8
2015,brooklyn,female,make,8
2015,brooklyn,female,dance,8
2015,brooklyn,female,bad,7
2015,brooklyn,female,mummy,7
2015,brooklyn,female,ah,7
2015,brooklyn,female,morning,7
2015,brooklyn,female,feel,7
2015,brooklyn,female,fella,7
2015,brooklyn,female,happy,7
2015,brooklyn,female,george,7
2015,brooklyn,female,mind,7
2015,brooklyn,female,things,7
2015,brooklyn,female,year,7
2015,brooklyn,female,matter,6
2015,brooklyn,female,week,6
2015,brooklyn,female,bartocci,6
2015,brooklyn,female,bathroom,6
2015,brooklyn,female,beautiful,6
2015,brooklyn,female,room,6
2015,brooklyn,female,spend,6
2015,brooklyn,female,talking,6
2015,brooklyn,female,suppose,6
2015,brooklyn,female,straight,6
2015,brooklyn,female,long,6
2015,brooklyn,female,hear,6
2015,brooklyn,female,hours,6
2015,brooklyn,female,flood,6
2015,brooklyn,female,left,6
2015,brooklyn,female,looked,5
2015,brooklyn,female,dinner,5
2015,brooklyn,female,place,5
2015,brooklyn,female,live,5
2015,brooklyn,female,dolores,5
2015,brooklyn,female,eat,5
2015,brooklyn,female,patty,5
2015,brooklyn,female,forgotten,5
2015,brooklyn,female,italian,5
2015,brooklyn,female,moment,5
2015,brooklyn,female,mr,5
2015,brooklyn,female,farrell,5
2015,brooklyn,female,husband,5
2015,brooklyn,female,job,5
2015,brooklyn,female,letter,5
2015,brooklyn,female,eyes,5
2015,brooklyn,female,hard,5
2015,brooklyn,female,friends,5
2015,brooklyn,female,kind,5
2015,brooklyn,female,clothes,5
2015,brooklyn,female,door,5
2015,brooklyn,female,thought,5
2015,brooklyn,female,thing,5
2015,brooklyn,female,sunday,5
2015,brooklyn,female,sitting,5
2015,brooklyn,female,american,5
2015,brooklyn,female,asked,5
2015,brooklyn,female,working,5
2015,brooklyn,male,irish,13
2015,brooklyn,male,eilis,11
2015,brooklyn,male,home,10
2015,brooklyn,male,mother,8
2015,brooklyn,male,wanted,7
2015,brooklyn,male,long,6
2015,brooklyn,male,house,5
2015,brooklyn,male,good,5
2015,brooklyn,male,frankie,5
2015,brooklyn,male,father,5
2015,brooklyn,male,life,5
2015,brooklyn,male,live,5
2015,brooklyn,male,week,5
2015,brooklyn,male,time,5
2015,brooklyn,male,money,5
2015,brooklyn,male,family,5
2015,mad-max,female,back,16
2015,mad-max,female,hey,11
2015,mad-max,female,war,11
2015,mad-max,female,rig,11
2015,mad-max,female,blood,9
2015,mad-max,female,bag,7
2015,mad-max,female,boy,7
2015,mad-max,female,stay,7
2015,mad-max,female,today,6
2015,mad-max,female,drive,6
2015,mad-max,female,hurt,6
2015,mad-max,female,man,5
2015,mad-max,female,place,5
2015,mad-max,female,cheedo,5
2015,mad-max,female,citadel,5
2015,mad-max,female,die,5
2015,mad-max,female,awaited,5
2015,mad-max,female,bullet,5
2015,mad-max,female,stop,5
2015,mad-max,female,water,5
2015,mad-max,female,thought,5
2015,mad-max,male,war,8
2015,mad-max,male,hey,7
2015,mad-max,male,back,6
2015,mad-max,male,rig,5
2015,mad-max,male,hold,5
2015,room,female,jack,94
2015,room,female,room,17
2015,room,female,real,16
2015,room,female,time,13
2015,room,female,good,12
2015,room,female,nick,10
2015,room,female,people,10
2015,room,female,world,10
2015,room,female,back,9
2015,room,female,mom,9
2015,room,female,home,9
2015,room,female,truck,9
2015,room,female,hey,8
2015,room,female,understand,8
2015,room,female,night,8
2015,room,female,leo,7
2015,room,female,wait,7
2015,room,female,stuff,7
2015,room,female,house,7
2015,room,female,hospital,7
2015,room,female,fine,7
2015,room,female,hear,7
2015,room,female,joy,7
2015,room,female,head,6
2015,room,female,feel,6
2015,room,female,remember,6
2015,room,female,door,6
2015,room,female,dog,6
2015,room,female,normal,6
2015,room,female,grandma,6
2015,room,female,god,6
2015,room,female,things,5
2015,room,female,talk,5
2015,room,female,years,5
2015,room,female,sick,5
2015,room,female,guess,5
2015,room,female,amazing,5
2015,room,female,give,5
2015,room,female,dad,5
2015,room,female,jump,5
2015,room,female,love,5
2015,room,female,long,5
2015,room,female,life,5
2015,room,female,hair,5
2015,room,female,shed,5
2015,room,male,real,18
2015,room,male,jack,17
2015,room,male,tv,14
2015,room,male,room,14
2015,room,male,time,13
2015,room,male,nick,11
2015,room,male,things,10
2015,room,male,world,9
2015,room,male,back,9
2015,room,male,hey,8
2015,room,male,day,7
2015,room,male,door,7
2015,room,male,birthday,7
2015,room,male,cake,6
2015,room,male,dog,6
2015,room,male,lucky,6
2015,room,male,morning,6
2015,room,male,dylan,6
2015,room,male,dead,5
2015,room,male,good,5
2015,room,male,friend,5
2015,room,male,bed,5
2015,room,male,open,5
2015,room,male,mouse,5
2015,room,male,small,5
2015,room,male,space,5
2015,room,male,till,5
2015,spotlight,female,phil,13
2015,spotlight,female,matt,10
2015,spotlight,female,macleish,8
2015,spotlight,female,joe,7
2015,spotlight,female,priests,6
2015,spotlight,female,story,6
2015,spotlight,female,yep,6
2015,spotlight,female,father,6
2015,spotlight,female,church,6
2015,spotlight,female,saviano,5
2015,spotlight,female,nana,5
2015,spotlight,female,time,5
2015,spotlight,female,cases,5
2015,spotlight,female,back,5
2015,spotlight,male,church,48
2015,spotlight,male,robby,47
2015,spotlight,male,good,44
2015,spotlight,male,story,39
2015,spotlight,male,priests,39
2015,spotlight,male,time,33
2015,spotlight,male,boston,32
2015,spotlight,male,law,29
2015,spotlight,male,hey,29
2015,spotlight,male,uh,26
2015,spotlight,male,geoghan,26
2015,spotlight,male,years,26
2015,spotlight,male,priest,25
2015,spotlight,male,talk,24
2015,spotlight,male,victims,21
2015,spotlight,male,guys,21
2015,spotlight,male,mike,20
2015,spotlight,male,work,20
2015,spotlight,male,guy,19
2015,spotlight,male,ta,19
2015,spotlight,male,cardinal,19
2015,spotlight,male,run,19
2015,spotlight,male,globe,19
2015,spotlight,male,ago,19
2015,spotlight,male,father,19
2015,spotlight,male,garabedian,17
2015,spotlight,male,call,17
2015,spotlight,male,mr,17
2015,spotlight,male,mitch,16
2015,spotlight,male,case,16
2015,spotlight,male,documents,16
2015,spotlight,male,spotlight,16
2015,spotlight,male,rezendes,16
2015,spotlight,male,ben,15
2015,spotlight,male,baron,15
2015,spotlight,male,back,15
2015,spotlight,male,knew,15
2015,spotlight,male,saviano,14
2015,spotlight,male,read,13
2015,spotlight,male,shit,13
2015,spotlight,male,kids,13
2015,spotlight,male,macleish,13
2015,spotlight,male,long,12
2015,spotlight,male,motion,12
2015,spotlight,male,barrett,12
2015,spotlight,male,couple,11
2015,spotlight,male,big,11
2015,spotlight,male,catholic,11
2015,spotlight,male,thing,11
2015,spotlight,male,public,11
2015,spotlight,male,paper,11
2015,spotlight,male,porter,11
2015,spotlight,male,phil,11
2015,spotlight,male,lot,11
2015,spotlight,male,editor,10
2015,spotlight,male,working,10
2015,spotlight,male,find,10
2015,spotlight,male,people,10
2015,spotlight,male,give,10
2015,spotlight,male,put,10
2015,spotlight,male,understand,10
2015,spotlight,male,cases,10
2015,spotlight,male,sacha,9
2015,spotlight,male,make,9
2015,spotlight,male,judge,9
2015,spotlight,male,thirteen,9
2015,spotlight,male,year,9
2015,spotlight,male,bad,9
2015,spotlight,male,told,9
2015,spotlight,male,great,9
2015,spotlight,male,tough,9
2015,spotlight,male,benzevich,9
2015,spotlight,male,names,8
2015,spotlight,male,job,8
2015,spotlight,male,things,8
2015,spotlight,male,wan,8
2015,spotlight,male,taking,8
2015,spotlight,male,weeks,8
2015,spotlight,male,lawyer,8
2015,spotlight,male,kid,8
2015,spotlight,male,letters,8
2015,spotlight,male,important,8
2015,spotlight,male,docs,7
2015,spotlight,male,team,7
2015,spotlight,male,sweeney,7
2015,spotlight,male,god,7
2015,spotlight,male,boys,7
2015,spotlight,male,clips,7
2015,spotlight,male,ninety,7
2015,spotlight,male,night,7
2015,spotlight,male,richard,7
2015,spotlight,male,press,7
2015,spotlight,male,herald,7
2015,spotlight,male,sipe,7
2015,spotlight,male,jeez,7
2015,spotlight,male,show,7
2015,spotlight,male,leave,7
2015,spotlight,male,bigger,7
2015,spotlight,male,idea,6
2015,spotlight,male,huh,6
2015,spotlight,male,hard,6
2015,spotlight,male,happened,6
2015,spotlight,male,abuse,6
2015,spotlight,male,jim,6
2015,spotlight,male,feel,6
2015,spotlight,male,eric,6
2015,spotlight,male,end,6
2015,spotlight,male,talbot,6
2015,spotlight,male,stop,6
2015,spotlight,male,freakin,6
2015,spotlight,male,stories,6
2015,spotlight,male,found,6
2015,spotlight,male,street,6
2015,spotlight,male,called,6
2015,spotlight,male,pete,6
2015,spotlight,male,question,6
2015,spotlight,male,record,6
2015,spotlight,male,marty,6
2015,spotlight,male,takes,5
2015,spotlight,male,system,5
2015,spotlight,male,family,5
2015,spotlight,male,suit,5
2015,spotlight,male,directories,5
2015,spotlight,male,telling,5
2015,spotlight,male,donna,5
2015,spotlight,male,sounds,5
2015,spotlight,male,home,5
2015,spotlight,male,guess,5
2015,spotlight,male,follow,5
2015,spotlight,male,folo,5
2015,spotlight,male,gave,5
2015,spotlight,male,goddamn,5
2015,spotlight,male,wanted,5
2015,spotlight,male,day,5
2015,spotlight,male,bishop,5
2015,spotlight,male,track,5
2015,spotlight,male,tomorrow,5
2015,spotlight,male,city,5
2015,spotlight,male,close,5
2015,spotlight,male,molested,5
2015,spotlight,male,morrisey,5
2015,spotlight,male,moved,5
2015,spotlight,male,rogers,5
2015,spotlight,male,listen,5
2015,spotlight,male,sealed,5
2015,spotlight,male,met,5
2015,spotlight,male,parish,5
2015,spotlight,male,records,5
2015,spotlight,male,problem,5
2015,spotlight,male,questions,5
2015,spotlight,male,ran,5
2015,spotlight,male,play,5
2015,spotlight,male,part,5
2015,spotlight,male,percent,5
2015,spotlight,male,john,5
2015,spotlight,male,kind,5
2015,spotlight,male,list,5
2015,spotlight,male,liam,5
2015,the-big-short,female,mark,8
2015,the-big-short,female,bonds,8
2015,the-big-short,female,bet,6
2015,the-big-short,female,banks,6
2015,the-big-short,female,people,6
2015,the-big-short,female,morgan,5
2015,the-big-short,female,mortgage,5
2015,the-big-short,male,mortgage,50
2015,the-big-short,male,bonds,44
2015,the-big-short,male,people,40
2015,the-big-short,male,mark,31
2015,the-big-short,male,banks,31
2015,the-big-short,male,money,28
2015,the-big-short,male,market,27
2015,the-big-short,male,swaps,26
2015,the-big-short,male,cdos,26
2015,the-big-short,male,make,26
2015,the-big-short,male,shit,25
2015,the-big-short,male,wrong,25
2015,the-big-short,male,housing,24
2015,the-big-short,male,sell,22
2015,the-big-short,male,million,22
2015,the-big-short,male,years,21
2015,the-big-short,male,bond,20
2015,the-big-short,male,big,20
2015,the-big-short,male,bank,20
2015,the-big-short,male,cdo,19
2015,the-big-short,male,ben,19
2015,the-big-short,male,time,19
2015,the-big-short,male,hey,18
2015,the-big-short,male,good,18
2015,the-big-short,male,bear,18
2015,the-big-short,male,call,18
2015,the-big-short,male,morgan,18
2015,the-big-short,male,bet,17
2015,the-big-short,male,subprime,17
2015,the-big-short,male,bad,16
2015,the-big-short,male,short,16
2015,the-big-short,male,fund,16
2015,the-big-short,male,risk,16
2015,the-big-short,male,billion,16
2015,the-big-short,male,mortgages,16
2015,the-big-short,male,b,15
2015,the-big-short,male,charlie,15
2015,the-big-short,male,jamie,15
2015,the-big-short,male,year,15
2015,the-big-short,male,thing,14
2015,the-big-short,male,guy,14
2015,the-big-short,male,pay,14
2015,the-big-short,male,rate,13
2015,the-big-short,male,world,13
2015,the-big-short,male,back,13
2015,the-big-short,male,loans,12
2015,the-big-short,male,thought,12
2015,the-big-short,male,michael,11
2015,the-big-short,male,credit,11
2015,the-big-short,male,buy,11
2015,the-big-short,male,selling,11
2015,the-big-short,male,fail,11
2015,the-big-short,male,fraud,11
2015,the-big-short,male,great,11
2015,the-big-short,male,guys,10
2015,the-big-short,male,hell,10
2015,the-big-short,male,aaa,10
2015,the-big-short,male,vennett,10
2015,the-big-short,male,baum,10
2015,the-big-short,male,talk,10
2015,the-big-short,male,days,9
2015,the-big-short,male,deal,9
2015,the-big-short,male,day,9
2015,the-big-short,male,losses,9
2015,the-big-short,male,holy,9
2015,the-big-short,male,agencies,9
2015,the-big-short,male,wow,9
2015,the-big-short,male,investors,9
2015,the-big-short,male,bubble,9
2015,the-big-short,male,fees,9
2015,the-big-short,male,paid,9
2015,the-big-short,male,rates,9
2015,the-big-short,male,default,9
2015,the-big-short,male,job,9
2015,the-big-short,male,position,9
2015,the-big-short,male,ratings,9
2015,the-big-short,male,stop,9
2015,the-big-short,male,real,9
2015,the-big-short,male,trade,8
2015,the-big-short,male,fuck,8
2015,the-big-short,male,tranches,8
2015,the-big-short,male,burry,8
2015,the-big-short,male,work,8
2015,the-big-short,male,things,8
2015,the-big-short,male,fun,8
2015,the-big-short,male,sec,8
2015,the-big-short,male,told,8
2015,the-big-short,male,find,8
2015,the-big-short,male,adjustable,8
2015,the-big-short,male,made,8
2015,the-big-short,male,kathy,8
2015,the-big-short,male,put,8
2015,the-big-short,male,understand,8
2015,the-big-short,male,late,8
2015,the-big-short,male,lose,8
2015,the-big-short,male,dollars,8
2015,the-big-short,male,lot,8
2015,the-big-short,male,crazy,8
2015,the-big-short,male,business,7
2015,the-big-short,male,worth,7
2015,the-big-short,male,bought,7
2015,the-big-short,male,wait,7
2015,the-big-short,male,called,7
2015,the-big-short,male,wife,7
2015,the-big-short,male,collapse,7
2015,the-big-short,male,vinny,7
2015,the-big-short,male,rated,7
2015,the-big-short,male,read,7
2015,the-big-short,male,stanley,7
2015,the-big-short,male,hate,7
2015,the-big-short,male,fucking,7
2015,the-big-short,male,face,7
2015,the-big-short,male,part,7
2015,the-big-short,male,synthetic,7
2015,the-big-short,male,number,7
2015,the-big-short,male,company,7
2015,the-big-short,male,home,7
2015,the-big-short,male,feel,6
2015,the-big-short,male,fine,6
2015,the-big-short,male,filled,6
2015,the-big-short,male,fish,6
2015,the-big-short,male,interest,6
2015,the-big-short,male,hear,6
2015,the-big-short,male,heart,6
2015,the-big-short,male,hold,6
2015,the-big-short,male,investment,6
2015,the-big-short,male,care,6
2015,the-big-short,male,government,6
2015,the-big-short,male,insurance,6
2015,the-big-short,male,economy,6
2015,the-big-short,male,system,6
2015,the-big-short,male,payment,6
2015,the-big-short,male,talking,6
2015,the-big-short,male,thousands,6
2015,the-big-short,male,thousand,6
2015,the-big-short,male,stearns,6
2015,the-big-short,male,pretty,6
2015,the-big-short,male,price,6
2015,the-big-short,male,prices,6
2015,the-big-short,male,percent,6
2015,the-big-short,male,street,6
2015,the-big-short,male,lawrence,6
2015,the-big-short,male,left,6
2015,the-big-short,male,underlying,6
2015,the-big-short,male,lost,6
2015,the-big-short,male,attack,6
2015,the-big-short,male,wanted,6
2015,the-big-short,male,means,6
2015,the-big-short,male,aa,6
2015,the-big-short,male,ago,6
2015,the-big-short,male,trust,6
2015,the-big-short,male,give,5
2015,the-big-short,male,shorts,5
2015,the-big-short,male,securities,5
2015,the-big-short,male,greenspan,5
2015,the-big-short,male,simple,5
2015,the-big-short,male,turned,5
2015,the-big-short,male,making,5
2015,the-big-short,male,triple,5
2015,the-big-short,male,trader,5
2015,the-big-short,male,merrill,5
2015,the-big-short,male,jared,5
2015,the-big-short,male,wall,5
2015,the-big-short,male,vegas,5
2015,the-big-short,male,loan,5
2015,the-big-short,male,love,5
2015,the-big-short,male,high,5
2015,the-big-short,male,perfect,5
2015,the-big-short,male,person,5
2015,the-big-short,male,phone,5
2015,the-big-short,male,happening,5
2015,the-big-short,male,happen,5
2015,the-big-short,male,stupidity,5
2015,the-big-short,male,thinking,5
2015,the-big-short,male,idea,5
2015,the-big-short,male,taking,5
2015,the-big-short,male,numbers,5
2015,the-big-short,male,office,5
2015,the-big-short,male,past,5
2015,the-big-short,male,backed,5
2015,the-big-short,male,bets,5
2015,the-big-short,male,dr,5
2015,the-big-short,male,dog,5
2015,the-big-short,male,crap,5
2015,the-big-short,male,cynthia,5
2015,the-big-short,male,defaults,5
2015,the-big-short,male,fact,5
2015,the-big-short,male,eye,5
2015,the-big-short,male,companies,5
2015,the-big-short,male,clear,5
2015,the-big-short,male,calls,5
2015,the-big-short,male,calling,5
2015,the-big-short,male,buying,5
2015,the-martian,female,meters,16
2015,the-martian,female,intercept,16
2015,the-martian,female,watney,13
2015,the-martian,female,copy,13
2015,the-martian,female,johanssen,11
2015,the-martian,female,launch,11
2015,the-martian,female,mark,11
2015,the-martian,female,martinez,10
2015,the-martian,female,velocity,10
2015,the-martian,female,mission,9
2015,the-martian,female,beck,8
2015,the-martian,female,make,7
2015,the-martian,female,die,7
2015,the-martian,female,control,7
2015,the-martian,female,vogel,7
2015,the-martian,female,mav,6
2015,the-martian,female,home,6
2015,the-martian,female,days,6
2015,the-martian,female,minutes,6
2015,the-martian,female,commander,5
2015,the-martian,female,airlock,5
2015,the-martian,female,seconds,5
2015,the-martian,female,suit,5
2015,the-martian,female,wrong,5
2015,the-martian,female,good,5
2015,the-martian,female,hermes,5
2015,the-martian,female,hours,5
2015,the-martian,female,left,5
2015,the-martian,male,commander,39
2015,the-martian,male,mark,32
2015,the-martian,male,mars,27
2015,the-martian,male,make,26
2015,the-martian,male,hermes,25
2015,the-martian,male,time,24
2015,the-martian,male,days,23
2015,the-martian,male,mission,21
2015,the-martian,male,nasa,19
2015,the-martian,male,watney,19
2015,the-martian,male,ares,18
2015,the-martian,male,problem,18
2015,the-martian,male,space,18
2015,the-martian,male,alive,17
2015,the-martian,male,launch,16
2015,the-martian,male,mav,14
2015,the-martian,male,home,13
2015,the-martian,male,good,13
2015,the-martian,male,probe,13
2015,the-martian,male,hab,12
2015,the-martian,male,back,12
2015,the-martian,male,lewis,12
2015,the-martian,male,martinez,11
2015,the-martian,male,work,11
2015,the-martian,male,bad,10
2015,the-martian,male,man,10
2015,the-martian,male,point,10
2015,the-martian,male,sol,10
2015,the-martian,male,crew,10
2015,the-martian,male,vincent,10
2015,the-martian,male,guys,9
2015,the-martian,male,teddy,9
2015,the-martian,male,day,9
2015,the-martian,male,sols,8
2015,the-martian,male,water,8
2015,the-martian,male,figure,8
2015,the-martian,male,food,8
2015,the-martian,male,rover,8
2015,the-martian,male,bring,8
2015,the-martian,male,die,8
2015,the-martian,male,dead,8
2015,the-martian,male,contact,8
2015,the-martian,male,planet,7
2015,the-martian,male,decision,7
2015,the-martian,male,travel,7
2015,the-martian,male,johanssen,7
2015,the-martian,male,chance,7
2015,the-martian,male,thing,7
2015,the-martian,male,ship,7
2015,the-martian,male,hear,7
2015,the-martian,male,years,7
2015,the-martian,male,montage,7
2015,the-martian,male,mitch,7
2015,the-martian,male,months,7
2015,the-martian,male,left,7
2015,the-martian,male,life,7
2015,the-martian,male,long,7
2015,the-martian,male,lot,7
2015,the-martian,male,team,6
2015,the-martian,male,earth,6
2015,the-martian,male,year,6
2015,the-martian,male,intercept,6
2015,the-martian,male,bruce,6
2015,the-martian,male,camera,6
2015,the-martian,male,world,6
2015,the-martian,male,give,6
2015,the-martian,male,fuel,6
2015,the-martian,male,orbit,6
2015,the-martian,male,suit,6
2015,the-martian,male,news,6
2015,the-martian,male,working,6
2015,the-martian,male,wait,5
2015,the-martian,male,trip,5
2015,the-martian,male,start,5
2015,the-martian,male,shit,5
2015,the-martian,male,told,5
2015,the-martian,male,takes,5
2015,the-martian,male,people,5
2015,the-martian,male,person,5
2015,the-martian,male,inspections,5
2015,the-martian,male,hundred,5
2015,the-martian,male,potatoes,5
2015,the-martian,male,high,5
2015,the-martian,male,plan,5
2015,the-martian,male,martian,5
2015,the-martian,male,kilometers,5
2015,the-martian,male,beck,5
2015,the-martian,male,longer,5
2015,the-martian,male,call,5
2015,the-martian,male,made,5
2015,the-martian,male,crater,5
2015,the-martian,male,annie,5
2015,the-martian,male,meters,5
2015,the-martian,male,rescue,5
2015,the-martian,male,gave,5
2015,the-martian,male,flight,5
2015,the-martian,male,rations,5
2015,the-martian,male,question,5
2015,the-martian,male,questions,5
2015,the-revenant,male,glass,27
2015,the-revenant,male,back,20
2015,the-revenant,male,captain,18
2015,the-revenant,male,'ree,15
2015,the-revenant,male,fitzgerald,13
2015,the-revenant,male,fort,13
2015,the-revenant,male,union,13
2015,the-revenant,male,night,13
2015,the-revenant,male,rifle,12
2015,the-revenant,male,make,11
2015,the-revenant,male,long,11
2015,the-revenant,male,pig,11
2015,the-revenant,male,henry,10
2015,the-revenant,male,ya,10
2015,the-revenant,male,good,10
2015,the-revenant,male,'em,9
2015,the-revenant,male,company,9
2015,the-revenant,male,time,9
2015,the-revenant,male,die,8
2015,the-revenant,male,boy,8
2015,the-revenant,male,horse,8
2015,the-revenant,male,bridger,8
2015,the-revenant,male,hell,8
2015,the-revenant,male,hugh,8
2015,the-revenant,male,mr,8
2015,the-revenant,male,stay,7
2015,the-revenant,male,find,7
2015,the-revenant,male,left,7
2015,the-revenant,male,rocky,7
2015,the-revenant,male,dead,7
2015,the-revenant,male,rest,7
2015,the-revenant,male,leave,6
2015,the-revenant,male,mountain,6
2015,the-revenant,male,river,6
2015,the-revenant,male,shit,6
2015,the-revenant,male,give,6
2015,the-revenant,male,days,6
2015,the-revenant,male,figured,6
2015,the-revenant,male,fur,6
2015,the-revenant,male,doin,6
2015,the-revenant,male,ass,5
2015,the-revenant,male,ai,5
2015,the-revenant,male,camp,5
2015,the-revenant,male,grizzly,5
2015,the-revenant,male,day,5
2015,the-revenant,male,jesus,5
2015,the-revenant,male,chance,5
2015,the-revenant,male,supplies,5
2015,the-revenant,male,men,5
2015,the-revenant,male,outta,5
2015,the-revenant,male,sleep,5
2017,call-me-by-your-name,female,tu,26
2017,call-me-by-your-name,female,pas,15
2017,call-me-by-your-name,female,je,14
2017,call-me-by-your-name,female,ne,11
2017,call-me-by-your-name,female,oliver,11
2017,call-me-by-your-name,female,le,7
2017,call-me-by-your-name,female,les,6
2017,call-me-by-your-name,female,pourquoi,6
2017,call-me-by-your-name,female,love,5
2017,call-me-by-your-name,female,il,5
2017,call-me-by-your-name,female,books,5
2017,call-me-by-your-name,female,es,5
2017,call-me-by-your-name,female,bien,5
2017,call-me-by-your-name,female,veux,5
2017,call-me-by-your-name,female,moi,5
2017,call-me-by-your-name,male,oliver,21
2017,call-me-by-your-name,male,things,16
2017,call-me-by-your-name,male,good,16
2017,call-me-by-your-name,male,elio,14
2017,call-me-by-your-name,male,time,13
2017,call-me-by-your-name,male,feel,12
2017,call-me-by-your-name,male,back,12
2017,call-me-by-your-name,male,je,12
2017,call-me-by-your-name,male,day,11
2017,call-me-by-your-name,male,night,10
2017,call-me-by-your-name,male,tu,9
2017,call-me-by-your-name,male,play,9
2017,call-me-by-your-name,male,il,9
2017,call-me-by-your-name,male,speak,9
2017,call-me-by-your-name,male,town,9
2017,call-me-by-your-name,male,father,8
2017,call-me-by-your-name,male,pas,8
2017,call-me-by-your-name,male,make,7
2017,call-me-by-your-name,male,thought,6
2017,call-me-by-your-name,male,mind,6
2017,call-me-by-your-name,male,mafalda,6
2017,call-me-by-your-name,male,ne,6
2017,call-me-by-your-name,male,bach,6
2017,call-me-by-your-name,male,mom,6
2017,call-me-by-your-name,male,wrong,6
2017,call-me-by-your-name,male,life,6
2017,call-me-by-your-name,male,pick,5
2017,call-me-by-your-name,male,remember,5
2017,call-me-by-your-name,male,show,5
2017,call-me-by-your-name,male,sick,5
2017,call-me-by-your-name,male,est,5
2017,call-me-by-your-name,male,dad,5
2017,call-me-by-your-name,male,word,5
2017,call-me-by-your-name,male,turns,5
2017,call-me-by-your-name,male,dinner,5
2017,call-me-by-your-name,male,anchise,5
2017,call-me-by-your-name,male,summer,5
2017,call-me-by-your-name,male,find,5
2017,call-me-by-your-name,male,thing,5
2017,call-me-by-your-name,male,today,5
2017,call-me-by-your-name,male,tonight,5
2017,darkest-hour,female,sir,12
2017,darkest-hour,female,darling,6
2017,darkest-hour,male,peace,24
2017,darkest-hour,male,war,22
2017,darkest-hour,male,minister,21
2017,darkest-hour,male,prime,20
2017,darkest-hour,male,good,20
2017,darkest-hour,male,mr,18
2017,darkest-hour,male,french,16
2017,darkest-hour,male,halifax,15
2017,darkest-hour,male,time,14
2017,darkest-hour,male,men,13
2017,darkest-hour,male,country,13
2017,darkest-hour,male,cabinet,12
2017,darkest-hour,male,winston,12
2017,darkest-hour,male,france,12
2017,darkest-hour,male,sir,11
2017,darkest-hour,male,hitler,11
2017,darkest-hour,male,general,10
2017,darkest-hour,male,confidence,10
2017,darkest-hour,male,german,10
2017,darkest-hour,male,fight,9
2017,darkest-hour,male,man,9
2017,darkest-hour,male,dunkirk,9
2017,darkest-hour,male,day,9
2017,darkest-hour,male,nation,9
2017,darkest-hour,male,army,9
2017,darkest-hour,male,party,9
2017,darkest-hour,male,bertie,9
2017,darkest-hour,male,talks,8
2017,darkest-hour,male,majesty,8
2017,darkest-hour,male,government,8
2017,darkest-hour,male,british,8
2017,darkest-hour,male,lord,8
2017,darkest-hour,male,speak,8
2017,darkest-hour,male,germany,8
2017,darkest-hour,male,forces,8
2017,darkest-hour,male,island,8
2017,darkest-hour,male,support,8
2017,darkest-hour,male,made,7
2017,darkest-hour,male,today,7
2017,darkest-hour,male,boats,7
2017,darkest-hour,male,belgium,7
2017,darkest-hour,male,victory,7
2017,darkest-hour,male,house,7
2017,darkest-hour,male,hour,7
2017,darkest-hour,male,moment,7
2017,darkest-hour,male,terms,7
2017,darkest-hour,male,god,7
2017,darkest-hour,male,full,6
2017,darkest-hour,male,give,6
2017,darkest-hour,male,garrison,6
2017,darkest-hour,male,invasion,6
2017,darkest-hour,male,join,6
2017,darkest-hour,male,sea,6
2017,darkest-hour,male,afraid,6
2017,darkest-hour,male,mind,6
2017,darkest-hour,male,miss,6
2017,darkest-hour,male,bloody,6
2017,darkest-hour,male,reach,6
2017,darkest-hour,male,back,6
2017,darkest-hour,male,offer,6
2017,darkest-hour,male,resign,6
2017,darkest-hour,male,asked,6
2017,darkest-hour,male,calais,6
2017,darkest-hour,male,speaker,6
2017,darkest-hour,male,end,6
2017,darkest-hour,male,people,6
2017,darkest-hour,male,stop,6
2017,darkest-hour,male,parliament,6
2017,darkest-hour,male,days,6
2017,darkest-hour,male,part,5
2017,darkest-hour,male,opposition,5
2017,darkest-hour,male,negotiations,5
2017,darkest-hour,male,surrender,5
2017,darkest-hour,male,question,5
2017,darkest-hour,male,long,5
2017,darkest-hour,male,record,5
2017,darkest-hour,male,tanks,5
2017,darkest-hour,male,late,5
2017,darkest-hour,male,land,5
2017,darkest-hour,male,send,5
2017,darkest-hour,male,ripe,5
2017,darkest-hour,male,empire,5
2017,darkest-hour,male,europe,5
2017,darkest-hour,male,duty,5
2017,darkest-hour,male,fighting,5
2017,darkest-hour,male,chamberlain,5
2017,darkest-hour,male,clear,5
2017,darkest-hour,male,address,5
2017,darkest-hour,male,germans,5
2017,darkest-hour,male,hours,5
2017,darkest-hour,male,hope,5
2017,darkest-hour,male,holland,5
2017,darkest-hour,male,years,5
2017,darkest-hour,male,word,5
2017,dunkirk,male,george,12
2017,dunkirk,male,fortis,10
2017,dunkirk,male,fight,8
2017,dunkirk,male,men,8
2017,dunkirk,male,back,8
2017,dunkirk,male,home,7
2017,dunkirk,male,dad,7
2017,dunkirk,male,understood,6
2017,dunkirk,male,gallons,6
2017,dunkirk,male,leader,5
2017,dunkirk,male,line,5
2017,dunkirk,male,turn,5
2017,dunkirk,male,thousand,5
2017,dunkirk,male,navy,5
2017,dunkirk,male,bloody,5
2017,dunkirk,male,dunkirk,5
2017,get-out,female,chris,12
2017,get-out,female,dad,9
2017,get-out,female,fuck,8
2017,get-out,female,find,7
2017,get-out,female,mom,7
2017,get-out,female,wait,7
2017,get-out,female,hear,6
2017,get-out,female,rod,6
2017,get-out,female,hey,5
2017,get-out,female,good,5
2017,get-out,female,talk,5
2017,get-out,female,jeremy,5
2017,get-out,male,shit,30
2017,get-out,male,chris,29
2017,get-out,male,good,18
2017,get-out,male,people,17
2017,get-out,male,back,17
2017,get-out,male,rose,16
2017,get-out,male,bring,12
2017,get-out,male,wait,12
2017,get-out,male,time,12
2017,get-out,male,hey,10
2017,get-out,male,man,10
2017,get-out,male,black,9
2017,get-out,male,fuck,9
2017,get-out,male,wan,8
2017,get-out,male,family,8
2017,get-out,male,mom,8
2017,get-out,male,fucked,7
2017,get-out,male,day,7
2017,get-out,male,dad,7
2017,get-out,male,guy,7
2017,get-out,male,remember,7
2017,get-out,male,work,7
2017,get-out,male,rod,7
2017,get-out,male,years,7
2017,get-out,male,bit,6
2017,get-out,male,um,6
2017,get-out,male,told,6
2017,get-out,male,boy,6
2017,get-out,male,head,6
2017,get-out,male,fuckin,6
2017,get-out,male,love,6
2017,get-out,male,life,6
2017,get-out,male,white,6
2017,get-out,male,armitage,6
2017,get-out,male,fine,5
2017,get-out,male,perfect,5
2017,get-out,male,missing,5
2017,get-out,male,night,5
2017,get-out,male,parents,5
2017,get-out,male,jeremy,5
2017,get-out,male,huh,5
2017,get-out,male,watching,5
2017,get-out,male,great,5
2017,get-out,male,give,5
2017,get-out,male,thing,5
2017,get-out,male,thought,5
2017,get-out,male,crazy,5
2017,get-out,male,long,5
2017,lady-bird,female,mom,43
2017,lady-bird,female,love,19
2017,lady-bird,female,dad,17
2017,lady-bird,female,house,14
2017,lady-bird,female,guess,13
2017,lady-bird,female,good,13
2017,lady-bird,female,hey,13
2017,lady-bird,female,lady,13
2017,lady-bird,female,college,12
2017,lady-bird,female,bird,12
2017,lady-bird,female,make,11
2017,lady-bird,female,wrong,10
2017,lady-bird,female,people,10
2017,lady-bird,female,miguel,10
2017,lady-bird,female,thing,10
2017,lady-bird,female,wanted,9
2017,lady-bird,female,nice,9
2017,lady-bird,female,sacramento,9
2017,lady-bird,female,julie,8
2017,lady-bird,female,work,8
2017,lady-bird,female,wait,8
2017,lady-bird,female,um,8
2017,lady-bird,female,sex,8
2017,lady-bird,female,kyle,8
2017,lady-bird,female,job,7
2017,lady-bird,female,feel,7
2017,lady-bird,female,christine,7
2017,lady-bird,female,lot,7
2017,lady-bird,female,thanksgiving,7
2017,lady-bird,female,time,7
2017,lady-bird,female,jenna,7
2017,lady-bird,female,prom,6
2017,lady-bird,female,talk,6
2017,lady-bird,female,school,6
2017,lady-bird,female,weird,6
2017,lady-bird,female,made,6
2017,lady-bird,female,fine,6
2017,lady-bird,female,day,6
2017,lady-bird,female,davis,6
2017,lady-bird,female,danny,6
2017,lady-bird,female,friend,6
2017,lady-bird,female,happy,6
2017,lady-bird,female,god,6
2017,lady-bird,female,bad,6
2017,lady-bird,female,city,5
2017,lady-bird,female,care,5
2017,lady-bird,female,bed,5
2017,lady-bird,female,big,5
2017,lady-bird,female,fuck,5
2017,lady-bird,female,hate,5
2017,lady-bird,female,family,5
2017,lady-bird,female,thought,5
2017,lady-bird,female,sit,5
2017,lady-bird,female,room,5
2017,lady-bird,female,shelly,5
2017,lady-bird,female,totally,5
2017,lady-bird,female,walk,5
2017,lady-bird,female,years,5
2017,lady-bird,female,york,5
2017,lady-bird,female,number,5
2017,lady-bird,female,life,5
2017,lady-bird,female,parking,5
2017,lady-bird,female,lie,5
2017,lady-bird,female,math,5
2017,lady-bird,male,bird,6
2017,lady-bird,male,put,6
2017,lady-bird,male,mom,6
2017,lady-bird,male,love,6
2017,lady-bird,male,lady,6
2017,phantom-thread,female,dress,11
2017,phantom-thread,female,make,10
2017,phantom-thread,female,love,9
2017,phantom-thread,female,good,8
2017,phantom-thread,female,alma,8
2017,phantom-thread,female,time,7
2017,phantom-thread,female,you,7
2017,phantom-thread,female,reynolds,6
2017,phantom-thread,female,life,6
2017,phantom-thread,female,give,5
2017,phantom-thread,female,baby,5
2017,phantom-thread,female,dr,5
2017,phantom-thread,female,surprise,5
2017,phantom-thread,female,things,5
2017,phantom-thread,female,waiting,5
2017,phantom-thread,male,dress,21
2017,phantom-thread,male,alma,14
2017,phantom-thread,male,time,13
2017,phantom-thread,male,good,10
2017,phantom-thread,male,fucking,8
2017,phantom-thread,male,made,7
2017,phantom-thread,male,long,7
2017,phantom-thread,male,cyril,7
2017,phantom-thread,male,things,6
2017,phantom-thread,male,marry,6
2017,phantom-thread,male,asparagus,6
2017,phantom-thread,male,make,6
2017,phantom-thread,male,house,6
2017,phantom-thread,male,fuss,5
2017,phantom-thread,male,leave,5
2017,phantom-thread,male,chic,5
2017,phantom-thread,male,feeling,5
2017,the-post,female,mr,21
2017,the-post,female,bradlee,15
2017,the-post,female,time,13
2017,the-post,female,phil,13
2017,the-post,female,people,12
2017,the-post,female,father,11
2017,the-post,female,call,8
2017,the-post,female,alright,8
2017,the-post,female,thought,8
2017,the-post,female,bob,7
2017,the-post,female,supposed,7
2017,the-post,female,wanted,7
2017,the-post,female,good,6
2017,the-post,female,happen,6
2017,the-post,female,ignatius,5
2017,the-post,female,katharine,5
2017,the-post,female,company,5
2017,the-post,female,graham,5
2017,the-post,female,print,5
2017,the-post,female,make,5
2017,the-post,female,made,5
2017,the-post,female,life,5
2017,the-post,female,thinking,5
2017,the-post,female,understand,5
2017,the-post,male,graham,28
2017,the-post,male,times,27
2017,the-post,male,mrs,24
2017,the-post,male,documents,22
2017,the-post,male,ben,19
2017,the-post,male,call,17
2017,the-post,male,post,16
2017,the-post,male,house,14
2017,the-post,male,good,14
2017,the-post,male,back,14
2017,the-post,male,nixon,14
2017,the-post,male,phil,13
2017,the-post,male,white,13
2017,the-post,male,bradlee,11
2017,the-post,male,mr,10
2017,the-post,male,paper,10
2017,the-post,male,washington,10
2017,the-post,male,wedding,9
2017,the-post,male,job,9
2017,the-post,male,work,9
2017,the-post,male,find,9
2017,the-post,male,talk,9
2017,the-post,male,things,9
2017,the-post,male,thought,9
2017,the-post,male,wanted,9
2017,the-post,male,understand,9
2017,the-post,male,guys,8
2017,the-post,male,put,8
2017,the-post,male,time,8
2017,the-post,male,print,8
2017,the-post,male,thing,8
2017,the-post,male,months,8
2017,the-post,male,editor,7
2017,the-post,male,story,7
2017,the-post,male,make,7
2017,the-post,male,lot,7
2017,the-post,male,knew,7
2017,the-post,male,opinion,7
2017,the-post,male,woman,6
2017,the-post,male,matter,6
2017,the-post,male,mcnamara,6
2017,the-post,male,hell,6
2017,the-post,male,hold,6
2017,the-post,male,york,6
2017,the-post,male,information,6
2017,the-post,male,people,6
2017,the-post,male,publish,6
2017,the-post,male,couple,6
2017,the-post,male,bags,6
2017,the-post,male,alright,6
2017,the-post,male,defense,6
2017,the-post,male,day,5
2017,the-post,male,court,5
2017,the-post,male,talking,5
2017,the-post,male,stand,5
2017,the-post,male,start,5
2017,the-post,male,decision,5
2017,the-post,male,weekend,5
2017,the-post,male,calling,5
2017,the-post,male,article,5
2017,the-post,male,beebe,5
2017,the-post,male,vietnam,5
2017,the-post,male,made,5
2017,the-post,male,publisher,5
2017,the-post,male,office,5
2017,the-post,male,order,5
2017,the-post,male,point,5
2017,the-post,male,kay,5
2017,the-post,male,give,5
2017,the-post,male,sheehan,5
2017,the-post,male,father,5
2017,the-post,male,source,5
2017,the-post,male,hope,5
2017,the-post,male,heard,5
2017,the-post,male,yea,5
2017,the-shape-of-water,female,sir,12
2017,the-shape-of-water,female,honey,10
2017,the-shape-of-water,female,good,10
2017,the-shape-of-water,female,elisa,10
2017,the-shape-of-water,female,brewster,9
2017,the-shape-of-water,female,lord,6
2017,the-shape-of-water,female,mr,5
2017,the-shape-of-water,female,feet,5
2017,the-shape-of-water,female,mind,5
2017,the-shape-of-water,female,man,5
2017,the-shape-of-water,female,back,5
2017,the-shape-of-water,male,sir,40
2017,the-shape-of-water,male,good,22
2017,the-shape-of-water,male,thing,21
2017,the-shape-of-water,male,back,20
2017,the-shape-of-water,male,man,19
2017,the-shape-of-water,male,time,19
2017,the-shape-of-water,male,elisa,14
2017,the-shape-of-water,male,pie,13
2017,the-shape-of-water,male,work,11
2017,the-shape-of-water,male,god,10
2017,the-shape-of-water,male,green,10
2017,the-shape-of-water,male,shit,10
2017,the-shape-of-water,male,talk,10
2017,the-shape-of-water,male,real,9
2017,the-shape-of-water,male,creature,9
2017,the-shape-of-water,male,learn,9
2017,the-shape-of-water,male,hoffstetler,8
2017,the-shape-of-water,male,love,8
2017,the-shape-of-water,male,bob,8
2017,the-shape-of-water,male,car,8
2017,the-shape-of-water,male,future,8
2017,the-shape-of-water,male,find,7
2017,the-shape-of-water,male,happened,7
2017,the-shape-of-water,male,asset,7
2017,the-shape-of-water,male,kill,7
2017,the-shape-of-water,male,zelda,7
2017,the-shape-of-water,male,mind,7
2017,the-shape-of-water,male,means,7
2017,the-shape-of-water,male,call,7
2017,the-shape-of-water,male,put,7
2017,the-shape-of-water,male,minutes,6
2017,the-shape-of-water,male,make,6
2017,the-shape-of-water,male,made,6
2017,the-shape-of-water,male,human,6
2017,the-shape-of-water,male,long,6
2017,the-shape-of-water,male,leave,6
2017,the-shape-of-water,male,move,6
2017,the-shape-of-water,male,hey,6
2017,the-shape-of-water,male,sally,6
2017,the-shape-of-water,male,watch,6
2017,the-shape-of-water,male,ready,6
2017,the-shape-of-water,male,son,6
2017,the-shape-of-water,male,water,6
2017,the-shape-of-water,male,beautiful,6
2017,the-shape-of-water,male,space,6
2017,the-shape-of-water,male,talking,6
2017,the-shape-of-water,male,people,6
2017,the-shape-of-water,male,give,6
2017,the-shape-of-water,male,dog,6
2017,the-shape-of-water,male,day,6
2017,the-shape-of-water,male,strickland,5
2017,the-shape-of-water,male,team,5
2017,the-shape-of-water,male,told,5
2017,the-shape-of-water,male,names,5
2017,the-shape-of-water,male,silence,5
2017,the-shape-of-water,male,dimitri,5
2017,the-shape-of-water,male,fuck,5
2017,the-shape-of-water,male,fine,5
2017,the-shape-of-water,male,clean,5
2017,the-shape-of-water,male,alright,5
2017,the-shape-of-water,male,hours,5
2017,the-shape-of-water,male,happy,5
2017,three-billboards-outside-ebbing-missouri,female,fucking,18
2017,three-billboards-outside-ebbing-missouri,female,ya,18
2017,three-billboards-outside-ebbing-missouri,female,ai,17
2017,three-billboards-outside-ebbing-missouri,female,'em,15
2017,three-billboards-outside-ebbing-missouri,female,billboards,13
2017,three-billboards-outside-ebbing-missouri,female,guess,12
2017,three-billboards-outside-ebbing-missouri,female,willoughby,12
2017,three-billboards-outside-ebbing-missouri,female,fuck,9
2017,three-billboards-outside-ebbing-missouri,female,put,8
2017,three-billboards-outside-ebbing-missouri,female,kinda,8
2017,three-billboards-outside-ebbing-missouri,female,shit,8
2017,three-billboards-outside-ebbing-missouri,female,hey,7
2017,three-billboards-outside-ebbing-missouri,female,make,7
2017,three-billboards-outside-ebbing-missouri,female,horses,7
2017,three-billboards-outside-ebbing-missouri,female,alright,7
2017,three-billboards-outside-ebbing-missouri,female,mildred,6
2017,three-billboards-outside-ebbing-missouri,female,police,6
2017,three-billboards-outside-ebbing-missouri,female,word,6
2017,three-billboards-outside-ebbing-missouri,female,huh,6
2017,three-billboards-outside-ebbing-missouri,female,y'know,6
2017,three-billboards-outside-ebbing-missouri,female,time,6
2017,three-billboards-outside-ebbing-missouri,female,red,6
2017,three-billboards-outside-ebbing-missouri,female,car,6
2017,three-billboards-outside-ebbing-missouri,female,dixon,6
2017,three-billboards-outside-ebbing-missouri,female,cos,6
2017,three-billboards-outside-ebbing-missouri,female,motherfuckers,5
2017,three-billboards-outside-ebbing-missouri,female,denise,5
2017,three-billboards-outside-ebbing-missouri,female,day,5
2017,three-billboards-outside-ebbing-missouri,female,culpable,5
2017,three-billboards-outside-ebbing-missouri,female,crucify,5
2017,three-billboards-outside-ebbing-missouri,female,crips,5
2017,three-billboards-outside-ebbing-missouri,female,good,5
2017,three-billboards-outside-ebbing-missouri,female,friends,5
2017,three-billboards-outside-ebbing-missouri,female,guy,5
2017,three-billboards-outside-ebbing-missouri,female,father,5
2017,three-billboards-outside-ebbing-missouri,female,chief,5
2017,three-billboards-outside-ebbing-missouri,female,give,5
2017,three-billboards-outside-ebbing-missouri,female,borrow,5
2017,three-billboards-outside-ebbing-missouri,female,bloods,5
2017,three-billboards-outside-ebbing-missouri,female,nice,5
2017,three-billboards-outside-ebbing-missouri,female,real,5
2017,three-billboards-outside-ebbing-missouri,male,ai,29
2017,three-billboards-outside-ebbing-missouri,male,good,29
2017,three-billboards-outside-ebbing-missouri,male,fucking,27
2017,three-billboards-outside-ebbing-missouri,male,mildred,25
2017,three-billboards-outside-ebbing-missouri,male,guy,24
2017,three-billboards-outside-ebbing-missouri,male,billboards,20
2017,three-billboards-outside-ebbing-missouri,male,man,20
2017,three-billboards-outside-ebbing-missouri,male,hayes,18
2017,three-billboards-outside-ebbing-missouri,male,dixon,17
2017,three-billboards-outside-ebbing-missouri,male,'em,15
2017,three-billboards-outside-ebbing-missouri,male,fuck,15
2017,three-billboards-outside-ebbing-missouri,male,cos,14
2017,three-billboards-outside-ebbing-missouri,male,y'know,14
2017,three-billboards-outside-ebbing-missouri,male,ya,14
2017,three-billboards-outside-ebbing-missouri,male,goddam,12
2017,three-billboards-outside-ebbing-missouri,male,time,12
2017,three-billboards-outside-ebbing-missouri,male,wan,12
2017,three-billboards-outside-ebbing-missouri,male,kinda,12
2017,three-billboards-outside-ebbing-missouri,male,huh,12
2017,three-billboards-outside-ebbing-missouri,male,willoughby,11
2017,three-billboards-outside-ebbing-missouri,male,thought,11
2017,three-billboards-outside-ebbing-missouri,male,care,11
2017,three-billboards-outside-ebbing-missouri,male,uh,11
2017,three-billboards-outside-ebbing-missouri,male,thing,10
2017,three-billboards-outside-ebbing-missouri,male,mom,10
2017,three-billboards-outside-ebbing-missouri,male,momma,10
2017,three-billboards-outside-ebbing-missouri,male,day,10
2017,three-billboards-outside-ebbing-missouri,male,case,10
2017,three-billboards-outside-ebbing-missouri,male,hell,9
2017,three-billboards-outside-ebbing-missouri,male,angela,9
2017,three-billboards-outside-ebbing-missouri,male,months,9
2017,three-billboards-outside-ebbing-missouri,male,cop,9
2017,three-billboards-outside-ebbing-missouri,male,leave,9
2017,three-billboards-outside-ebbing-missouri,male,alright,8
2017,three-billboards-outside-ebbing-missouri,male,things,8
2017,three-billboards-outside-ebbing-missouri,male,hey,8
2017,three-billboards-outside-ebbing-missouri,male,country,7
2017,three-billboards-outside-ebbing-missouri,male,red,7
2017,three-billboards-outside-ebbing-missouri,male,mrs,7
2017,three-billboards-outside-ebbing-missouri,male,town,7
2017,three-billboards-outside-ebbing-missouri,male,hard,7
2017,three-billboards-outside-ebbing-missouri,male,happened,7
2017,three-billboards-outside-ebbing-missouri,male,give,7
2017,three-billboards-outside-ebbing-missouri,male,jason,7
2017,three-billboards-outside-ebbing-missouri,male,great,6
2017,three-billboards-outside-ebbing-missouri,male,guess,6
2017,three-billboards-outside-ebbing-missouri,male,month,6
2017,three-billboards-outside-ebbing-missouri,male,place,6
2017,three-billboards-outside-ebbing-missouri,male,lady,6
2017,three-billboards-outside-ebbing-missouri,male,chief,6
2017,three-billboards-outside-ebbing-missouri,male,welby,6
2017,three-billboards-outside-ebbing-missouri,male,wait,6
2017,three-billboards-outside-ebbing-missouri,male,badge,6
2017,three-billboards-outside-ebbing-missouri,male,window,6
2017,three-billboards-outside-ebbing-missouri,male,call,6
2017,three-billboards-outside-ebbing-missouri,male,dying,6
2017,three-billboards-outside-ebbing-missouri,male,pretty,5
2017,three-billboards-outside-ebbing-missouri,male,dna,5
2017,three-billboards-outside-ebbing-missouri,male,died,5
2017,three-billboards-outside-ebbing-missouri,male,calm,5
2017,three-billboards-outside-ebbing-missouri,male,back,5
2017,three-billboards-outside-ebbing-missouri,male,shit,5
2017,three-billboards-outside-ebbing-missouri,male,coming,5
2017,three-billboards-outside-ebbing-missouri,male,hope,5
2017,three-billboards-outside-ebbing-missouri,male,home,5
2017,three-billboards-outside-ebbing-missouri,male,hate,5
2017,three-billboards-outside-ebbing-missouri,male,kind,5
2017,three-billboards-outside-ebbing-missouri,male,laws,5
2017,three-billboards-outside-ebbing-missouri,male,officer,5
2017,three-billboards-outside-ebbing-missouri,male,midget,5
2017,three-billboards-outside-ebbing-missouri,male,stand,5
